<?xml version="1.0" encoding="UTF-8"?>
<sitemesh>
  <mapping path="/*" decorator="/decorators/decorators.jsp"/>
<!--   <mapping path="/signIn" decorator="/decorators/decorators2.jsp"/>
  <mapping path="/findId" decorator="/decorators/decorators2.jsp"/>
  <mapping path="/findPw" decorator="/decorators/decorators2.jsp"/>
  <mapping path="/findIdOk" decorator="/decorators/decorators2.jsp"/>
  <mapping path="/updateMember" decorator="/decorators/decorators2.jsp"/> -->
<!--   <mapping path="/index/*" decorator="/decorators/index.jsp"/>
  <mapping path="/admin/*" decorator="/decorators/adminPage.jsp"/> -->
   
  Exclude path from decoration. 
  <mapping path="/logIn" exclue="true"/>
  <mapping path="/" exclue="true"/>
  <mapping path="/index" exclue="true"/>
  <mapping path="/findPwOk" exclue="true"/><!-- 페이지 넘어가는거 작동안함 -->
  <mapping path="/userIdCount" exclue="true"/><!-- 페이지 넘어가는거 작동안함 -->
  <mapping path="/emailCount" exclue="true"/><!-- 페이지 넘어가는거 작동안함 -->
  <mapping path="/findId" exclue="true"/>
  <mapping path="/findIdOk" exclue="true"/>
  <mapping path="/updatePw2" exclue="true"/>
  <mapping path="/signIn" exclue="true"/>
  <mapping path="/verifyEmail2" exclue="true"/>
  <mapping path="/verifyEmail3" exclue="true"/>
  <mapping path="/findPw" exclue="true"/>
  <!-- <mapping path="/" exclue="true"/> -->

</sitemesh>