<?xml version="1.0" encoding="UTF-8"?>
<beans xmlns="http://www.springframework.org/schema/beans"
	xmlns:xsi="http://www.w3.org/2001/XMLSchema-instance"
	xmlns:context="http://www.springframework.org/schema/context"
	xsi:schemaLocation="http://www.springframework.org/schema/beans http://www.springframework.org/schema/beans/spring-beans.xsd
		http://www.springframework.org/schema/context http://www.springframework.org/schema/context/spring-context-4.3.xsd">

	<!-- Root Context: defines shared resources visible to all other web components -->
	<!-- XML과 JSON출력을 지원한다. -->
	<bean
		class="org.springframework.web.servlet.mvc.method.annotation.RequestMappingHandlerAdapter">
		<property name="messageConverters">
			<list>
				<ref bean="jsonMessageConverter" />
				<ref bean="xmlMessageConverter" />
			</list>
		</property>
	</bean>

	<bean id="jsonMessageConverter"
		class="org.springframework.http.converter.json.GsonHttpMessageConverter">
	</bean>

	<bean id="xmlMessageConverter"
		class="org.springframework.http.converter.xml.MarshallingHttpMessageConverter">
	</bean>

	<!-- 프로퍼티 파일 사용!!! -->
	<context:property-placeholder
		location="classpath:db.properties" />
	<!-- <context:property-placeholder location="/WEB-INF/*.properties" /> -->

	<!-- dataSource 설정, spring-jdbc 모듈 사용, spring 에서 jdbc 를 통해 Oracle 에 접속할 
		수 있게 함 -->
	<bean id="dataSource"
		class="org.springframework.jdbc.datasource.DriverManagerDataSource">
		<property name="driverClassName" value="${o.driver}" />
		<property name="url" value="${o.url}" />
		<property name="username" value="${o.username}" />
		<property name="password" value="${o.password}" />
	</bean>

	<!-- 트랜잭션 -->
	<bean id="transactionManager"
		class="org.springframework.jdbc.datasource.DataSourceTransactionManager">
		<property name="dataSource" ref="dataSource" />
	</bean>
	
	<!-- JavaMailSender 객체 등록 -->
	<bean id="mailSender"
		class="org.springframework.mail.javamail.JavaMailSenderImpl">
		<property name="host" value="smtp.naver.com" />
		<property name="port" value="587" />
		<property name="username" value="zenith9108@naver.com" />
		<property name="password" value="rhdxhd91" />
		<property name="javaMailProperties">
			<props>
				<prop key="mail.smtp.auth">true</prop>
				<prop key="mail.smtp.starttls.enable">true</prop>
			</props>
		</property>
	</bean>	
	
	<!-- mybatis -->
	<bean id="sqlSessionFactory"
		class="org.mybatis.spring.SqlSessionFactoryBean">
		<property name="dataSource" ref="dataSource" />
		<!-- 아래부분은 매핑할 xml파일이 있는 패키지경로를 설정한다. -->
		<property name="typeAliasesPackage"
			value="com.jbc.analyst_pjt.member.vo, com.jbc.analyst_pjt.analyst.vo, com.jbc.analyst_pjt.report.vo, com.jbc.analyst_pjt.board.vo, com.jbc.analyst_pjt.comment.vo"/>
		<property name="mapperLocations"
			value="classpath:/mybatis/mapper/*.xml" />
	</bean>

	<bean id="sqlSession"
		class="org.mybatis.spring.SqlSessionTemplate">
		<constructor-arg name="sqlSessionFactory"
			ref="sqlSessionFactory" />
	</bean>
</beans>
