<?xml version="1.0" encoding="UTF-8"?>
<!DOCTYPE mapper PUBLIC "-//mybatis.org//DTD Mapper 3.0//EN"
"http://mybatis.org/dtd/mybatis-3-mapper.dtd">
<mapper namespace="mybatis.comment">

	<!-- 지정 번호의 댓글의 개수 -->
	<select id="selectCountRef" parameterType="int" resultType="int">
		select count(*) from board_comment where c_ref=#{c_ref }
	</select>
	
	<!-- 지정 번호의 댓글의 목록 -->
	<select id="selectRefList" parameterType="int" resultType="CommentVO">
		select * from board_comment where c_ref=#{c_ref } order by c_idx desc
	</select>
	
	<!-- 저장 -->
	<insert id="insert" parameterType="CommentVO">
		insert into board_comment 
		(c_idx,c_ref,m_userId,m_userPw,c_content,c_date) 
		values 
		(comment_idx_seq.nextval,#{c_ref},#{m_userId},#{m_userPw},#{c_content},SYSDATE) 
	</insert>
	
	<!-- 수정 -->
	<update id="update" parameterType="CommentVO">
		update board_comment set
			c_content = #{c_content}, c_date=SYSDATE
		where
			c_idx = #{c_idx}
	</update>
	
	<!-- 삭제 -->
	<delete id="delete" parameterType="int">
		delete from board_comment where c_idx=#{c_idx }
	</delete>
	
	<!-- 지정 번호의 댓글을 모두 삭제 -->
	<delete id="deleteRef" parameterType="int">
		delete from board_comment where c_ref=#{c_ref }
	</delete>
	
	<!-- 1개얻기 -->
	<select id="selectByIdx" parameterType="int" resultType="CommentVO">
		select * from board_comment where c_idx=#{c_idx }
	</select>
				
</mapper>